Model,MAE,RMSE
SVR Only,3.4759898955856383,5.728254284662674
CNN Only,0.7809065394007894,0.9771460416766605
Hybrid Fusion,2.457330276029714,4.021650188747545
