Model,MAE,RMSE
SVR Only,0.19594323294837807,0.24583227232702623
CNN Only,0.5967433857464169,0.7533663781693317
Hybrid (SVR+CNN),0.2263361335881161,0.2898162084959593
